"","accuracy_delta","accuracy_derived","accuracy_original","feature","class","general.attrtoinst","general.cattonum","general.freqclass.mean","general.freqclass.sd","general.insttoattr","general.nrattr","general.nrbin","general.nrcat","general.nrclass","general.nrinst","general.nrnum","general.numtocat","statistical.cancor.mean","statistical.cancor.sd","statistical.gravity","statistical.cor.mean","statistical.cor.sd","statistical.cov.mean","statistical.cov.sd","statistical.nrdisc","statistical.eigenvalues.mean","statistical.eigenvalues.sd","statistical.gmean.mean","statistical.gmean.sd","statistical.hmean.mean","statistical.hmean.sd","statistical.iqrange.mean","statistical.iqrange.sd","statistical.kurtosis.mean","statistical.kurtosis.sd","statistical.mad.mean","statistical.mad.sd","statistical.max.mean","statistical.max.sd","statistical.mean.mean","statistical.mean.sd","statistical.median.mean","statistical.median.sd","statistical.min.mean","statistical.min.sd","statistical.nrcorattr","statistical.nrnorm","statistical.nroutliers","statistical.range.mean","statistical.range.sd","statistical.sd.mean","statistical.sd.sd","statistical.sdratio","statistical.skewness.mean","statistical.skewness.sd","statistical.sparsity.mean","statistical.sparsity.sd","statistical.tmean.mean","statistical.tmean.sd","statistical.var.mean","statistical.var.sd","statistical.wlambda","model.based.leaves","model.based.leavesbranch.mean","model.based.leavesbranch.sd","model.based.leavescorrob.mean","model.based.leavescorrob.sd","model.based.leaveshomo.mean","model.based.leaveshomo.sd","model.based.leavesperclass.mean","model.based.leavesperclass.sd","model.based.nodes","model.based.nodesperattr","model.based.nodesperinst","model.based.nodesperlevel.mean","model.based.nodesperlevel.sd","model.based.nodesrepeated.mean","model.based.nodesrepeated.sd","model.based.treedepth.mean","model.based.treedepth.sd","model.based.treeimbalance.mean","model.based.treeimbalance.sd","model.based.treeshape.mean","model.based.treeshape.sd","model.based.varimportance.mean","model.based.varimportance.sd"
"Na_diff_K",0.0414078674948399,75.8942530899053,75.8528452224104,"Na_diff_K",1,0.327102803738318,0.0144927536231884,0.166666666666667,0.13898760091093,3.05714285714286,70,0,1,6,214,69,69,1,6.95552731308039e-16,15.1450227875767,0.253862005380656,0.228862158716547,0.737254152195497,3.67256180493805,5,13.0583408896867,58.2299825315292,NA,NA,9.93882433954129,29.5137761334946,1.13031488741256,1.56532235161027,15.9915990631181,30.3352713232336,0.489664712084951,0.480823455535261,23.4213087645782,41.6978667610678,10.7232812428516,29.3277143814684,10.4593386538576,29.4066201415417,7.6091186717483,28.7978013276558,0.157837837837838,0,71,15.81219009283,31.9237797092766,1.87418544376203,3.11042870058608,NA,1.7589062581419,3.06017590304967,0.00957496577492753,0.0229709435386206,10.4748893231612,29.3880628355282,13.0583408896867,48.3606385000153,NA,36,6.61111111111111,2.2203960750638,0.0277777777777778,0.0431028958593772,1165.43665223665,1680.04165379086,0.166666666666667,0.120441574381549,35,0.5,0.163551401869159,3.18181818181818,1.99088833530069,1.52173913043478,1.27456107301838,5.71830985915493,2.47376577359614,0.0865494067808268,0.0914504806225048,0.110595703125,0.113393793434766,0.0178571428571429,0.0152370047866084
"Al_diff_K",-0.00404667795970681,75.8487985444507,75.8528452224104,"Al_diff_K",0,0.327102803738318,0.0144927536231884,0.166666666666667,0.13898760091093,3.05714285714286,70,0,1,6,214,69,69,1,6.95552731308039e-16,15.276416731902,0.254331565443252,0.229860095508179,0.741326258962316,3.67279193264253,5,13.0705178758362,58.23237399376,NA,NA,10.0988608230735,29.4959810391056,1.14188155407923,1.56318761780674,15.9127818750357,30.3520729990363,0.49658351208495,0.481739196677816,23.6157087645783,41.6343672235472,10.8827871618547,29.3063537730349,10.6186719871909,29.3860802163983,7.74218533841496,28.7702715190493,0.15963963963964,0,71,15.8735234261633,31.9090693551705,1.88075754396373,3.10839136777581,NA,1.76594315476195,3.05327493749904,0.00953879039397597,0.0229815283614624,10.6345098359817,29.3676279549034,13.0705178758362,48.3575389069779,NA,36,6.61111111111111,2.2203960750638,0.0277777777777778,0.0431028958593772,1165.43665223665,1680.04165379086,0.166666666666667,0.120441574381549,35,0.5,0.163551401869159,3.18181818181818,1.99088833530069,1.52173913043478,1.27456107301838,5.71830985915493,2.47376577359614,0.0865494067808268,0.0914504806225048,0.110595703125,0.113393793434766,0.0178571428571429,0.0150055945667519
"Ba_mult_Fe",-0.3498023715415,75.5030428508689,75.8528452224104,"Ba_mult_Fe",0,0.327102803738318,0.0144927536231884,0.166666666666667,0.13898760091093,3.05714285714286,70,0,1,6,214,69,69,1,7.0216669371534e-16,15.2839366727564,0.256665234410284,0.230490997086684,0.748579199353019,3.67214909857466,5,13.0766311362906,58.2349271397631,NA,NA,10.1092668623852,29.4925075290451,1.14744822074589,1.55980603513216,13.6591224999747,23.3560016159614,0.50053711208495,0.478816591169925,23.6412820979116,41.6208014993719,10.895329847213,29.3018372159446,10.6296719871909,29.3822058021244,7.69965200508163,28.7842266968956,0.162162162162162,0,71,15.94163009283,31.8820789061972,1.88899606860772,3.10432212685893,NA,1.57087059202418,2.76886622276961,0.00864060736406452,0.021903851639538,10.6459508616228,29.363595849419,13.0766311362906,48.3558936766489,NA,36,6.61111111111111,2.2203960750638,0.0277777777777778,0.0431028958593772,1165.43665223665,1680.04165379086,0.166666666666667,0.120441574381549,35,0.5,0.163551401869159,3.18181818181818,1.99088833530069,1.52173913043478,1.27456107301838,5.71830985915493,2.47376577359614,0.0865494067808268,0.0914504806225048,0.110595703125,0.113393793434766,0.0175438596491228,0.0149716944149213
"K_diff_Ba",-0.373611895351019,75.4792333270594,75.8528452224104,"K_diff_Ba",0,0.327102803738318,0.0144927536231884,0.166666666666667,0.13898760091093,3.05714285714286,70,0,1,6,214,69,69,1,6.95552731308039e-16,15.2766895817758,0.254282586710928,0.229538428833878,0.741246096048283,3.67305273094357,5,13.0673462185738,58.2342200336714,NA,NA,10.1092668623852,29.4925075290451,1.14068155407923,1.56371564510015,15.7818326284102,30.3451243915146,0.49806611208495,0.480938764678052,23.5702420979116,41.6554885122263,10.8911317101413,29.3033950633074,10.6224719871909,29.3847776998677,7.7339186717483,28.7733635050631,0.158918918918919,0,71,15.8363234261633,31.919075568111,1.8786664616729,3.10915581404981,NA,1.71313310252806,3.07455800144291,0.00949891334613635,0.0229884399209256,10.6401929129048,29.3656680812751,13.0673462185738,48.3583690033293,NA,36,6.61111111111111,2.2203960750638,0.0277777777777778,0.0431028958593772,1165.43665223665,1680.04165379086,0.166666666666667,0.120441574381549,35,0.5,0.163551401869159,3.18181818181818,1.99088833530069,1.52173913043478,1.27456107301838,5.71830985915493,2.47376577359614,0.0865494067808268,0.0914504806225048,0.110595703125,0.113393793434766,0.0178571428571429,0.0147640717814
"Ca_diff_Ba",-0.438829286655377,75.4140159357551,75.8528452224104,"Ca_diff_Ba",0,0.327102803738318,0.0144927536231884,0.166666666666667,0.13898760091093,3.05714285714286,70,0,1,6,214,69,69,1,6.95552731308039e-16,15.280308722902,0.252262343551283,0.22697975922659,0.731487954525771,3.67206502753209,5,13.0442519789178,58.2249129588581,NA,NA,9.99593260852742,29.5150983890739,1.13361488741256,1.56538492330456,16.0048640086842,30.3308917338279,0.49114731208495,0.481664712021779,23.4371754312449,41.6953042827602,10.7783329562472,29.3278961600061,10.5159386538576,29.406941742497,7.65178533841496,28.7941364723406,0.156756756756757,0,71,15.78539009283,31.9273562792602,1.86902929577889,3.11127767767619,NA,1.73093824291836,3.07521446072169,0.0095668214631087,0.0229736848540468,10.5317508616228,29.3884432423959,13.0442519789178,48.3639298300909,NA,36,6.61111111111111,2.2203960750638,0.0277777777777778,0.0431028958593772,1165.43665223665,1680.04165379086,0.166666666666667,0.120441574381549,35,0.5,0.163551401869159,3.18181818181818,1.99088833530069,1.52173913043478,1.27456107301838,5.71830985915493,2.47376577359614,0.0865494067808268,0.0914504806225048,0.110595703125,0.113393793434766,0.0178571428571429,0.0149621594333032
"RI_div_Al",-0.808394504046674,75.0444507183638,75.8528452224104,"RI_div_Al",0,0.327102803738318,0.0144927536231884,0.166666666666667,0.13898760091093,3.05714285714286,70,0,1,6,214,69,69,1,5.1777354920728e-16,15.279095866861,0.25483321533559,0.229806389675632,0.742067574853533,3.67159025868191,5,13.0722275434591,58.2270234382131,NA,NA,10.0952596392285,29.497117148735,1.14285707520792,1.56270593161124,15.871275149764,30.3545813809778,0.497054530826512,0.481523156577143,23.5831726726242,41.6498718065996,10.879330602514,29.3075256664566,10.6147937518968,29.3873704644903,7.69388004317687,28.7857469188284,0.158918918918919,0,71,15.8892926294474,31.9038184248938,1.88211658607426,3.10783633019616,NA,1.70308706715384,3.07068028444607,0.00959810436764937,0.0229620181993974,10.6312747280259,29.3687057252491,13.0722275434591,48.357084794708,NA,36,6.61111111111111,2.2203960750638,0.0277777777777778,0.0431028958593772,1165.43665223665,1680.04165379086,0.166666666666667,0.120441574381549,35,0.5,0.163551401869159,3.18181818181818,1.99088833530069,1.52173913043478,1.27456107301838,5.71830985915493,2.47376577359614,0.0865494067808268,0.0914504806225048,0.110595703125,0.113393793434766,0.0178571428571429,0.0150275699400626
"Mg_sum_Al",-0.828157349896472,75.024687872514,75.8528452224104,"Mg_sum_Al",0,0.327102803738318,0.0144927536231884,0.166666666666667,0.13898760091093,3.05714285714286,70,0,1,6,214,69,69,1,6.95552731308039e-16,15.1847983527077,0.251661703764773,0.226863837841757,0.729024272109354,3.67088273609271,5,13.0548708322371,58.2149691926898,NA,NA,10.0666324452016,29.5049426867014,1.13091488741256,1.56537358648449,16.0737030940538,30.3009704951474,0.49282759208495,0.48219206978007,23.5706420979116,41.6553194081611,10.8403659780541,29.3185615454949,10.5669386538576,29.4000437454049,7.6951186717483,28.7854282077973,0.155315315315315,0,71,15.8755234261633,31.9084366691124,1.87277018120705,3.11072730056252,NA,1.76336490809034,3.05595006824676,0.00956401338614771,0.022974581745151,10.5856985539304,29.3809691701966,13.0548708322371,48.3614785103482,NA,36,6.61111111111111,2.2203960750638,0.0277777777777778,0.0431028958593772,1165.43665223665,1680.04165379086,0.166666666666667,0.120441574381549,35,0.5,0.163551401869159,3.18181818181818,1.99088833530069,1.52173913043478,1.27456107301838,5.71830985915493,2.47376577359614,0.0865494067808268,0.0914504806225048,0.110595703125,0.113393793434766,0.0175438596491228,0.0153863942906618
"Mg_sum_Si",-0.828157349896472,75.024687872514,75.8528452224104,"Mg_sum_Si",0,0.327102803738318,0.0144927536231884,0.166666666666667,0.13898760091093,3.05714285714286,70,0,1,6,214,69,69,1,6.95552731308039e-16,15.2451743360979,0.251118893957311,0.227603553053206,0.724777906723639,3.66987475073282,5,13.0458863583366,58.2079601445272,NA,NA,9.10521213467739,28.5084181487511,1.12258155407923,1.56307476220281,16.0667524250479,30.3045396729739,0.48926935208495,0.480539369117535,22.6279754312449,41.2304265189261,9.89095227088899,28.3383491113597,9.6163386538576,28.3910754263056,6.76885200508163,27.8625866673277,0.153873873873874,0,71,15.8591234261633,31.9133393242371,1.86956004986784,3.11122068763537,NA,1.76389681732886,3.05541208310419,0.00957012095353787,0.0229725993698999,9.63585137444327,28.3800560928038,13.0458863583366,48.3635642416302,NA,36,6.61111111111111,2.2203960750638,0.0277777777777778,0.0431028958593772,1165.43665223665,1680.04165379086,0.166666666666667,0.120441574381549,35,0.5,0.163551401869159,3.18181818181818,1.99088833530069,1.52173913043478,1.27456107301838,5.71830985915493,2.47376577359614,0.0865494067808268,0.0914504806225048,0.110595703125,0.113393793434766,0.0178571428571429,0.0150042598911754
"Al_mult_Ca",-0.828157349896472,75.024687872514,75.8528452224104,"Al_mult_Ca",0,0.327102803738318,0.0144927536231884,0.166666666666667,0.13898760091093,3.05714285714286,70,0,1,6,214,69,69,1,7.92857827008092e-16,15.2748947516639,0.252765909092291,0.228678967909007,0.686859533938109,3.60188704311372,5,12.8199154508619,57.8625151242351,NA,NA,9.95978982869955,29.5152503464345,1.08909888741256,1.51870353311228,16.0625657514535,30.306630077514,0.466457080084951,0.417588402643534,23.2806420979116,41.7002462759202,10.7253133550011,29.327862578886,10.4736693205243,29.4074948966199,7.66950533841496,28.7911829191907,0.156396396396396,0,71,15.6111367594966,31.9083428667517,1.83131249351205,3.09743954884547,NA,1.73329399971276,3.07470645439904,0.0095977835059985,0.0229621534733206,10.4859693641869,29.3888017260733,12.819915450862,48.3737410407117,NA,41,6.75609756097561,2.11873178817988,0.024390243902439,0.0410911128616385,1331.59538239538,1814.09280470136,0.166666666666667,0.121869891580834,40,0.571428571428571,0.186915887850467,3.63636363636364,2.24823162831267,1.66666666666667,1.85722248595015,5.85185185185185,2.39849489842647,0.0880936657025858,0.0820720181629758,0.100443025914634,0.105828314804389,0.0178571428571429,0.0156937779518334
"Na_diff_Ba",-0.869565217391298,74.9832800050191,75.8528452224104,"Na_diff_Ba",0,0.327102803738318,0.0144927536231884,0.166666666666667,0.13898760091093,3.05714285714286,70,0,1,6,214,69,69,1,6.95552731308039e-16,15.2015119998946,0.254845429285335,0.229706837866459,0.74200327276807,3.67264402886312,5,13.0680312212795,58.2328629037407,NA,NA,9.9335790432263,29.5132278834299,1.13764822074589,1.56473355412466,15.9003858445674,30.3532800258622,0.49351947208495,0.482278001214597,23.4213087645782,41.6978667610678,10.7189877849077,29.327365601303,10.4535386538576,29.4061131789388,7.59858533841496,28.7979566004857,0.159279279279279,0,71,15.8227234261633,31.921899440301,1.8790835606143,3.10901199764958,NA,1.76098640711865,3.05826740627195,0.00955789051157111,0.0229764515379889,10.4697529129048,29.3876111393472,13.0680312212795,48.3581910800188,NA,36,6.61111111111111,2.2203960750638,0.0277777777777778,0.0431028958593772,1165.43665223665,1680.04165379086,0.166666666666667,0.120441574381549,35,0.5,0.163551401869159,3.18181818181818,1.99088833530069,1.52173913043478,1.27456107301838,5.71830985915493,2.47376577359614,0.0865494067808268,0.0914504806225048,0.110595703125,0.113393793434766,0.0178571428571429,0.0152370047866084
"Na_sum_Ba",-0.869565217391298,74.9832800050191,75.8528452224104,"Na_sum_Ba",0,0.327102803738318,0.0144927536231884,0.166666666666667,0.13898760091093,3.05714285714286,70,0,1,6,214,69,69,1,6.95552731308039e-16,15.2116591486371,0.252241260213068,0.228689265709183,0.736935554042783,3.67310186741404,5,13.0609586399975,58.2316971019062,NA,NA,9.92922637536769,29.5127184073672,1.13458155407923,1.56530177518791,16.0527368099801,30.3113620625852,0.49183919208495,0.48193658189839,23.4201087645782,41.6980416396288,10.7143198721351,29.3269314632356,10.4522719871909,29.405990738389,7.5527186717483,28.7951729740235,0.156756756756757,0,71,15.86739009283,31.9109493084221,1.87534434536878,3.11014722640092,NA,1.73017420552518,3.07534935238817,0.00956816819389612,0.0229732459282146,10.4678134257253,29.3874225935458,13.0609586399975,48.359992109749,NA,36,6.61111111111111,2.2203960750638,0.0277777777777778,0.0431028958593772,1165.43665223665,1680.04165379086,0.166666666666667,0.120441574381549,35,0.5,0.163551401869159,3.18181818181818,1.99088833530069,1.52173913043478,1.27456107301838,5.71830985915493,2.47376577359614,0.0865494067808268,0.0914504806225048,0.110595703125,0.113393793434766,0.0178571428571429,0.0148648834517659
"Na_sum_Mg",-0.891210239036326,74.9616349833741,75.8528452224104,"Na_sum_Mg",0,0.327102803738318,0.0144927536231884,0.166666666666667,0.13898760091093,3.05714285714286,70,0,1,6,214,69,69,1,6.95552731308039e-16,15.2830878694553,0.251648482506323,0.227655371832492,0.725107289833188,3.66714049370597,5,13.0486486756256,58.1948252409557,NA,NA,9.89672388041135,29.507350281104,1.12971488741256,1.56525339935061,16.0555796583315,30.3100187308023,0.49075195208495,0.48147490601665,23.4059754312449,41.6999011140482,10.680860059051,29.322143757048,10.4094053205243,29.3993685522842,7.55658533841496,28.7956248578336,0.155315315315315,0,71,15.84939009283,31.915941729554,1.87049018993728,3.11110398927265,NA,1.7648405062581,3.05443982331075,0.00957610127994073,0.0229705447890801,10.4270965026484,29.3811874515331,13.0486486756256,48.3629366708684,NA,36,6.61111111111111,2.2203960750638,0.0277777777777778,0.0431028958593772,1165.43665223665,1680.04165379086,0.166666666666667,0.120441574381549,35,0.5,0.163551401869159,3.18181818181818,1.99088833530069,1.52173913043478,1.27456107301838,5.71830985915493,2.47376577359614,0.0865494067808268,0.0914504806225048,0.110595703125,0.113393793434766,0.0178571428571429,0.0150251364718615
"Si_diff_K",-0.934782608695642,74.9180626137148,75.8528452224104,"Si_diff_K",0,0.327102803738318,0.0144927536231884,0.166666666666667,0.13898760091093,3.05714285714286,70,0,1,6,214,69,69,1,6.95552731308039e-16,15.2421350562137,0.254748181374061,0.229005146401044,0.740737168126739,3.67305822293401,5,13.060407862088,58.2352218765779,NA,NA,9.14745290399497,28.6052552359439,1.13721488741256,1.56484194375369,15.7855068317904,30.3459128827682,0.49272875208495,0.482173550055297,22.6475754312449,41.2561983040521,9.93337345468961,28.4350297483755,9.66600532052427,28.5051990918054,6.8427186717483,28.0239645388748,0.158198198198198,0,71,15.8048567594966,31.9249306300594,1.87509293565468,3.11021111618529,NA,1.79219129977358,3.01626003054871,0.00956749944059415,0.0229734645997831,9.6827765026484,28.4876703398338,13.0604078620881,48.3601290184239,NA,36,6.61111111111111,2.2203960750638,0.0277777777777778,0.0431028958593772,1165.43665223665,1680.04165379086,0.166666666666667,0.120441574381549,35,0.5,0.163551401869159,3.18181818181818,1.99088833530069,1.52173913043478,1.27456107301838,5.71830985915493,2.47376577359614,0.0865494067808268,0.0914504806225048,0.110595703125,0.113393793434766,0.0175438596491228,0.0149716944149213
"Na_diff_Ca",-0.934782608695642,74.9180626137148,75.8528452224104,"Na_diff_Ca",0,0.327102803738318,0.0144927536231884,0.166666666666667,0.13898760091093,3.05714285714286,70,0,1,6,214,69,69,1,6.95552731308039e-16,15.2325785473279,0.252275954904295,0.227114816730854,0.730135646380332,3.67199214565393,5,13.0322502501652,58.2254170305305,NA,NA,10.0565634708578,29.5071860997237,1.13238155407923,1.56542424877766,15.9859658298657,30.3369958647305,0.48976355208495,0.480890538901399,23.5099754312449,41.6775805471349,10.8360799967457,29.3195317037535,10.5668053205243,29.4000706660732,7.75218533841496,28.7662862084361,0.154954954954955,0,71,15.75779009283,31.9292281857338,1.86548380829935,3.11147946654773,NA,1.77024133843692,3.04843663506534,0.00957496577492753,0.0229709435386206,10.5838267590587,29.3813562984723,13.0322502501652,48.3664840516649,NA,36,6.61111111111111,2.2203960750638,0.0277777777777778,0.0431028958593772,1165.43665223665,1680.04165379086,0.166666666666667,0.120441574381549,35,0.5,0.163551401869159,3.18181818181818,1.99088833530069,1.52173913043478,1.27456107301838,5.71830985915493,2.47376577359614,0.0865494067808268,0.0914504806225048,0.110595703125,0.113393793434766,0.0178571428571429,0.0149343136166062
"Al_mult_Fe",-1.26293995859213,74.5899052638183,75.8528452224104,"Al_mult_Fe",0,0.327102803738318,0.0144927536231884,0.166666666666667,0.13898760091093,3.05714285714286,70,0,1,6,214,69,69,1,5.74211813252823e-16,15.2835326932372,0.257258639666334,0.22918862455605,0.748046355663283,3.67222784381516,5,13.0763980887207,58.2348388827617,NA,NA,10.1092668623852,29.4925075290451,1.14559122074589,1.5611048829749,15.9235184627902,30.3507123553143,0.50053711208495,0.478816591169925,23.6382860979116,41.6224535864881,10.8943748939419,29.3021956585637,10.6296719871909,29.3822058021244,7.69965200508163,28.7842266968956,0.161081081081081,0,71,15.93863409283,31.8835023281899,1.88787632113044,3.1049743902906,NA,1.70969497942066,3.07351615201959,0.00946076641359983,0.0229903876435413,10.6456061334176,29.3637223655563,13.0763980887207,48.3559574880108,NA,36,6.61111111111111,2.2203960750638,0.0277777777777778,0.0431028958593772,1165.43665223665,1680.04165379086,0.166666666666667,0.120441574381549,35,0.5,0.163551401869159,3.18181818181818,1.99088833530069,1.52173913043478,1.27456107301838,5.71830985915493,2.47376577359614,0.0865494067808268,0.0914504806225048,0.110595703125,0.113393793434766,0.0178571428571429,0.0149967552043406
"K_mult_Fe",-1.26293995859214,74.5899052638183,75.8528452224104,"K_mult_Fe",0,0.327102803738318,0.0144927536231884,0.166666666666667,0.13898760091093,3.05714285714286,70,0,1,6,214,69,69,0.999999999999999,6.00444906373008e-16,15.2838836766737,0.257130424645202,0.229222257875817,0.748553308053857,3.67215081089407,5,13.0766385429924,58.2349085887603,NA,NA,10.1092668623852,29.4925075290451,1.14702922074589,1.56011406633541,15.9616409755546,30.34351655725,0.50053711208495,0.478816591169925,23.6478740979116,41.6171077450591,10.8950538534435,29.3019410572166,10.6296719871909,29.3822058021244,7.69965200508163,28.7842266968956,0.161081081081081,0,71,15.94822209283,31.8788704158947,1.889058051807,3.10428510831043,NA,1.71075715099565,3.07386967803843,0.00944154393587634,0.0229896415487037,10.6458826359817,29.3636209131908,13.0766385429924,48.3558916471807,NA,38,6.78947368421053,2.32678753994548,0.0263157894736842,0.0429436943934638,1605.43896103896,2997.16033532827,0.166666666666667,0.129634759311657,37,0.528571428571429,0.172897196261682,3.08333333333333,2.06522432562458,1.60869565217391,1.46904825203205,5.89333333333333,2.57100954686872,0.0788119337562156,0.089494959778386,0.105147512335526,0.11249858616555,0.0175438596491228,0.0153443916059929
"Na_sum_Si",-1.30434782608695,74.5484973963235,75.8528452224104,"Na_sum_Si",0,0.327102803738318,0.0144927536231884,0.166666666666667,0.13898760091093,3.05714285714286,70,0,1,6,214,69,69,1,6.95552731308039e-16,15.1328741945892,0.252817527829343,0.229114333653575,0.738024893210701,3.6730655832946,5,13.0609697773763,58.2325579040413,NA,NA,8.96199692399944,28.1412939217834,1.13764822074589,1.56473355412466,15.9524500786859,30.3455890189944,0.493321792084951,0.48226125282741,22.4158420979116,40.9041983383287,9.74797470079553,27.9735644630363,9.48380532052427,28.0511371732939,6.62578533841496,27.5039125981951,0.156036036036036,0,71,15.7900567594966,31.926858120349,1.87534947421387,3.11014590672043,NA,1.7376451735698,3.07340224890532,0.00956543706153003,0.0229741301216735,9.49994265649455,28.031926776097,13.0609697773763,48.3599893363061,NA,36,6.61111111111111,2.2203960750638,0.0277777777777778,0.0431028958593772,1165.43665223665,1680.04165379086,0.166666666666667,0.120441574381549,35,0.5,0.163551401869159,3.18181818181818,1.99088833530069,1.52173913043478,1.47307857031059,5.71830985915493,2.47376577359614,0.0865494067808268,0.0914504806225048,0.110595703125,0.113393793434766,0.0178571428571429,0.0152187030029821
"Na_sum_Ca",-1.30434782608695,74.5484973963235,75.8528452224104,"Na_sum_Ca",0,0.327102803738318,0.0144927536231884,0.166666666666667,0.13898760091093,3.05714285714286,70,0,1,6,214,69,69,1,6.95552731308039e-16,15.1754402429009,0.251572530083691,0.227514689561041,0.728501120108793,3.67174548574598,5,13.0493225749718,58.2196396829448,NA,NA,9.81221291611252,29.4804717086993,1.12241488741256,1.5629938437349,16.0570677405134,30.3093073539787,0.48640299208495,0.477721562109124,23.2731754312449,41.6993510317597,10.5972276602971,29.2973031042469,10.3385386538576,29.3778531613638,7.4447186717483,28.7663777678164,0.154594594594595,0,71,15.8284567594966,31.9207634322855,1.87072398050779,3.11107128780895,NA,1.73118616897421,3.07516754564386,0.00957665845320808,0.0229703476481554,10.3510698359817,29.3579003584581,13.0493225749718,48.3627817223953,NA,36,6.61111111111111,2.2203960750638,0.0277777777777778,0.0431028958593772,1165.43665223665,1680.04165379086,0.166666666666667,0.120441574381549,35,0.5,0.163551401869159,3.18181818181818,1.99088833530069,1.52173913043478,1.27456107301838,5.71830985915493,2.47376577359614,0.0865494067808268,0.0914504806225048,0.110595703125,0.113393793434766,0.0178571428571429,0.0151695128581457
"Na_diff_Al",-1.30839450404669,74.5444507183637,75.8528452224104,"Na_diff_Al",0,0.327102803738318,0.0144927536231884,0.166666666666667,0.13898760091093,3.05714285714286,70,0,1,6,214,69,69,1,6.95552731308039e-16,15.202424181724,0.254179137472548,0.229401185054492,0.740045968096807,3.67193152160987,5,13.0661723713534,58.2280254738508,NA,NA,9.95062253095842,29.514746880288,1.13501488741256,1.56524957328599,16.0072288125408,30.3300639636337,0.49174035208495,0.481902437338816,23.4258420979116,41.6971820954796,10.7359192490821,29.3284600164973,10.4709386538576,29.4073697009189,7.58458533841496,28.7977036321983,0.159279279279279,0,71,15.8412567594966,31.9179408361795,1.87798582564178,3.10938122973033,NA,1.73751632999308,3.07344769312429,0.0095668214631087,0.0229736848540468,10.4868975282894,29.3888490152938,13.0661723713534,48.3586721603175,NA,36,6.61111111111111,2.2203960750638,0.0277777777777778,0.0431028958593772,1165.43665223665,1680.04165379086,0.166666666666667,0.120441574381549,35,0.5,0.163551401869159,3.18181818181818,1.99088833530069,1.52173913043478,1.27456107301838,5.71830985915493,2.47376577359614,0.0865494067808268,0.0914504806225048,0.110595703125,0.113393793434766,0.0178571428571429,0.015213697869025
"Al_diff_Ba",-1.32815734989646,74.524687872514,75.8528452224104,"Al_diff_Ba",0,0.327102803738318,0.0144927536231884,0.166666666666667,0.13898760091093,3.05714285714286,70,0,1,6,214,69,69,1,6.95552731308039e-16,15.2839396216982,0.255982182794174,0.23018201282391,0.745107311229759,3.67248661486309,5,13.0732361553617,58.2339482087032,NA,NA,10.0942851590882,29.497418750627,1.14174822074589,1.56324980022175,16.023414931431,30.3240162501166,0.49579279208495,0.482021946950927,23.6125087645783,41.63597922665,10.8784937039108,29.3078046752192,10.6123386538576,29.3881668434383,7.71378533841496,28.7801274437594,0.16036036036036,0,71,15.8987234261633,31.9003907626276,1.88304495098327,3.10743080655143,NA,1.75738960236775,3.06149803134997,0.00954417241863732,0.022980213637457,10.628360092392,29.3696531922158,13.0732361553617,48.3568147073011,NA,36,6.61111111111111,2.2203960750638,0.0277777777777778,0.0431028958593772,1165.43665223665,1680.04165379086,0.166666666666667,0.120441574381549,35,0.5,0.163551401869159,3.18181818181818,1.99088833530069,1.52173913043478,1.27456107301838,5.71830985915493,2.47376577359614,0.0865494067808268,0.0914504806225048,0.110595703125,0.113393793434766,0.0178571428571429,0.0150134963208517
"Na_diff_Mg",-1.34575569358176,74.5070895288287,75.8528452224104,"Na_diff_Mg",0,0.327102803738318,0.0144927536231884,0.166666666666667,0.13898760091093,3.05714285714286,70,0,1,6,214,69,69,1,6.95552731308039e-16,14.9384154869622,0.251165854543436,0.227377197175286,0.720071128791412,3.66705138495345,5,13.0314528283759,58.1927967317758,NA,NA,9.96975884324238,29.5155489065789,1.12271488741256,1.56313850841825,16.0724870030059,30.3016038535708,0.48976355208495,0.480890538901399,23.4213087645782,41.6978667610678,10.7524475979918,29.3288021187391,10.4978719871909,29.4077508316531,7.58445200508163,28.7976987027446,0.153513513513513,0,71,15.8368567594966,31.9189557278291,1.865266366667,3.11148171388401,NA,1.72875465478048,3.07556114424817,0.0095688279099913,0.0229730288356883,10.5109949641869,29.3892864672589,13.0314528283759,48.3666456279843,NA,36,6.61111111111111,2.2203960750638,0.0277777777777778,0.0431028958593772,1165.43665223665,1680.04165379086,0.166666666666667,0.120441574381549,35,0.5,0.163551401869159,3.18181818181818,1.99088833530069,1.52173913043478,1.27456107301838,5.71830985915493,2.47376577359614,0.0865494067808268,0.0914504806225048,0.110595703125,0.113393793434766,0.0178571428571429,0.0147874464239315
"Na_sum_K",-1.34575569358178,74.5070895288287,75.8528452224104,"Na_sum_K",0,0.327102803738318,0.0144927536231884,0.166666666666667,0.13898760091093,3.05714285714286,70,0,1,6,214,69,69,1,6.95552731308039e-16,15.2502749805166,0.253156519911259,0.229332561475814,0.740752528617257,3.67307093905277,5,13.0658989126489,58.2341452389107,NA,NA,9.92457885064064,29.5121198222753,1.13854822074589,1.56447887252224,15.9228096786056,30.3508112002379,0.494013672084951,0.48229256579393,23.3966420979116,41.7009267426435,10.7100264141912,29.3264816172987,10.4456719871909,29.4052847483944,7.5527186717483,28.7951729740235,0.156756756756757,0,71,15.8439234261633,31.9173029956895,1.87783281234642,3.10943032306194,NA,1.72086872795317,3.07581871959263,0.00955189519688153,0.0229781683590636,10.461680092392,29.3867614474023,13.0658989126489,48.3587424681015,NA,36,6.61111111111111,2.2203960750638,0.0277777777777778,0.0431028958593772,1165.43665223665,1680.04165379086,0.166666666666667,0.120441574381549,35,0.5,0.163551401869159,3.18181818181818,1.99088833530069,1.52173913043478,1.27456107301838,5.71830985915493,2.47376577359614,0.0865494067808268,0.0914504806225048,0.110595703125,0.113393793434766,0.0178571428571429,0.0150495187874052
"Na_sum_Al",-1.34575569358178,74.5070895288287,75.8528452224104,"Na_sum_Al",0,0.327102803738318,0.0144927536231884,0.166666666666667,0.13898760091093,3.05714285714286,70,0,1,6,214,69,69,1,6.95552731308039e-16,15.2108004346338,0.251896092101205,0.228649996200117,0.735984583101863,3.67285019979983,5,13.0627630049661,58.2292296120004,NA,NA,9.91212960428529,29.5102385661105,1.13614822074589,1.56506934441626,16.068326387486,30.3037422334033,0.49203687208495,0.482000180153121,23.4167754312449,41.6985134526635,10.6973884079606,29.324876406502,10.4344053205243,29.4038158730344,7.5427186717483,28.7938188014651,0.156396396396396,0,71,15.8740567594966,31.9089015842441,1.8762004293407,3.10991792179666,NA,1.73703223951508,3.07361471197281,0.00956613406926929,0.0229739066939498,10.4503826564946,29.3852855010507,13.0627630049661,48.3595402057751,NA,36,6.61111111111111,2.2203960750638,0.0277777777777778,0.0431028958593772,1165.43665223665,1680.04165379086,0.166666666666667,0.120441574381549,35,0.5,0.163551401869159,3.18181818181818,1.99088833530069,1.52173913043478,1.27456107301838,5.71830985915493,2.47376577359614,0.0865494067808268,0.0914504806225048,0.110595703125,0.113393793434766,0.0175438596491228,0.0146831102002785
"K_diff_Ca",-1.34980237154149,74.503042850869,75.8528452224104,"K_diff_Ca",0,0.327102803738318,0.0144927536231884,0.166666666666667,0.13898760091093,3.05714285714286,70,0,1,6,214,69,69,1,6.95552731308039e-16,15.2627787405893,0.252072953454405,0.226908893061324,0.727377071672517,3.67123909842845,5,13.0361394228211,58.2186002941992,NA,NA,10.2098436826284,29.4443173214556,1.12981488741256,1.5652661218598,15.9954926757689,30.3340321907236,0.48887399208495,0.480230043868735,23.6626420979116,41.6085394900684,11.0082239219793,29.2425085295924,10.7381386538576,29.326962032591,7.9139186717483,28.6644594197253,0.154234234234234,0,71,15.7487234261633,31.9294420933191,1.86657343800053,3.11145057583275,NA,1.75178214893623,3.06587953201102,0.00957380115440117,0.022971348305536,10.7558503488022,29.3073172843126,13.0361394228211,48.3656814924078,NA,36,6.61111111111111,2.2203960750638,0.0277777777777778,0.0431028958593772,1165.43665223665,1680.04165379086,0.166666666666667,0.120441574381549,35,0.5,0.163551401869159,3.18181818181818,1.99088833530069,1.52173913043478,1.27456107301838,5.71830985915493,2.47376577359614,0.0865494067808268,0.0914504806225048,0.110595703125,0.113393793434766,0.0178571428571429,0.015060366275111
"Si_diff_Ba",-1.3695652173913,74.4832800050191,75.8528452224104,"Si_diff_Ba",0,0.327102803738318,0.0144927536231884,0.166666666666667,0.13898760091093,3.05714285714286,70,0,1,6,214,69,69,1,6.95552731308039e-16,15.269732593356,0.254616610100068,0.229152958025092,0.741375001922366,3.67290276131559,5,13.0643381218397,58.2342754123449,NA,NA,9.1430960468041,28.5955045988715,1.13511488741256,1.56523621415002,15.9545183943356,30.3451413426743,0.492531072084951,0.482131826142313,22.6475754312449,41.2561983040521,9.92907999674568,28.4254814315952,9.6607386538576,28.4934351278207,6.81085200508163,27.9563029882761,0.158918918918919,0,71,15.8367234261633,31.9189857522939,1.87699436103855,3.10968902543888,NA,1.77280136539724,3.04532922392867,0.00956473023678036,0.0229743551385799,9.6778606052125,28.4766949950698,13.0643381218397,48.3591414742998,NA,36,6.61111111111111,2.2203960750638,0.0277777777777778,0.0431028958593772,1165.43665223665,1680.04165379086,0.166666666666667,0.120441574381549,35,0.5,0.163551401869159,3.18181818181818,1.99088833530069,1.52173913043478,1.27456107301838,5.71830985915493,2.47376577359614,0.0865494067808268,0.0914504806225048,0.110595703125,0.113393793434766,0.0175438596491228,0.0149716944149213
"Mg_mult_Ba",-1.3695652173913,74.4832800050191,75.8528452224104,"Mg_mult_Ba",0,0.327102803738318,0.0144927536231884,0.166666666666667,0.13898760091093,3.05714285714286,70,0,1,6,214,69,69,1,7.73180868062446e-16,15.2839231818126,0.256365228751643,0.230304422241276,0.745232223437486,3.672706670647,5,13.0708422849062,58.235638661135,NA,NA,10.1092668623852,29.4925075290451,1.14744822074589,1.55980603513216,15.4256938957121,30.1051088062786,0.50053711208495,0.478816591169925,23.5744287645783,41.6537038639883,10.8938448814809,29.302393562896,10.6296719871909,29.3822058021244,7.69965200508163,28.7842266968956,0.161801801801802,0,71,15.8747767594966,31.9086740029048,1.88099931736498,3.10829598092684,NA,1.65537522152487,3.01722346023611,0.00876875721555441,0.0222213424735117,10.6459508616228,29.363595849419,13.0708422849062,48.3574530975082,NA,36,6.61111111111111,2.2203960750638,0.0277777777777778,0.0431028958593772,1165.43665223665,1680.04165379086,0.166666666666667,0.120441574381549,35,0.5,0.163551401869159,3.18181818181818,1.99088833530069,1.52173913043478,1.27456107301838,5.71830985915493,2.47376577359614,0.0865494067808268,0.0914504806225048,0.110595703125,0.113393793434766,0.0175438596491228,0.0149716944149213
"RI_div_Ba",-1.3695652173913,74.4832800050191,75.8528452224104,"RI_div_Ba",0,0.327102803738318,0.0144927536231884,0.166666666666667,0.13898760091093,3.05714285714286,70,0,1,6,214,69,69,1,3.23682852456947e-16,15.2538143296355,0.25936935325006,0.229362351607557,0.742144224065963,3.67245990303455,5,12.9609352528351,58.2476882589243,NA,NA,10.1092668623852,29.4925075290451,1.14744822074589,1.55980603513216,15.6475137106649,30.2927292645739,0.50053711208495,0.478816591169925,23.3160154312449,41.7030877655705,10.8850293518681,29.3055767753716,10.6296719871909,29.3822058021244,7.69965200508163,28.7842266968956,0.162162162162162,0,71,15.6163634261633,31.9099796185763,1.85053887990411,3.10890847928432,NA,1.67447152774954,3.04564998277072,0.00929778608965371,0.0229473188639931,10.6459508616228,29.363595849419,12.9609352528352,48.376928548999,NA,37,6.54054054054054,2.21854049364034,0.027027027027027,0.0430416298859761,1168.76998556999,1711.6875767798,0.166666666666667,0.11263062918942,36,0.514285714285714,0.168224299065421,3.27272727272727,2.00454030096225,1.63636363636364,1.49747261825525,5.64383561643836,2.47975056436966,0.0922009987064716,0.11177569016495,0.114363386824324,0.110264034168959,0.0178571428571429,0.0157418794115937
"Mg_div_K",-1.40347575130183,74.4493694711086,75.8528452224104,"Mg_div_K",0,0.327102803738318,0.0144927536231884,0.166666666666667,0.13898760091093,3.05714285714286,70,0,1,6,214,69,69,1,4.00296604248672e-16,13.6730888175057,0.256032387195184,0.230190885198087,0.576152730919148,2.38881594083422,5,8.64810010160368,37.3861401088278,NA,NA,10.1092668623852,29.4925075290451,1.08872492629621,1.51787941898338,15.4528242775866,30.1348703912951,0.472391413125012,0.443624524598446,21.1863754312449,37.1663352584578,10.7744217852661,29.3281459107574,10.554110546513,29.4024203793105,7.69965200508163,28.7842266968956,0.161081081081081,0,71,13.4867234261633,25.0439133824058,1.6468262359035,2.4528107395388,NA,1.66606225224472,3.03430577740336,0.00957380115440117,0.022971348305536,10.577766624766,29.382546625959,8.64810010160368,30.7408227402674,NA,36,6.61111111111111,2.2203960750638,0.0277777777777778,0.0431028958593772,1165.43665223665,1680.04165379086,0.166666666666667,0.120441574381549,35,0.5,0.163551401869159,3.18181818181818,1.99088833530069,1.52173913043478,1.27456107301838,5.71830985915493,2.47376577359614,0.0865494067808268,0.0914504806225048,0.110595703125,0.113393793434766,0.0178571428571429,0.0150108310076572
"Al_div_Ca",-1.44488361879665,74.4079616036138,75.8528452224104,"Al_div_Ca",0,0.327102803738318,0.0144927536231884,0.166666666666667,0.13898760091093,3.05714285714286,70,0,1,6,214,69,69,0.999999999999999,6.00444906373008e-16,15.283932189469,0.252309390509408,0.228654846396681,0.74797776514804,3.6722568251038,5,13.0766160787622,58.2348602607662,NA,NA,10.1074259016233,29.493142657515,1.1466693823523,1.56037163853736,15.9841143990995,30.3375450430233,0.499984876148064,0.479376821816536,23.6450920695186,41.6186764725178,10.893197379718,29.3026343332994,10.6275986072861,29.3829603855913,7.699222375452,28.7843429267223,0.156036036036036,0,71,15.9458696940666,31.880027472349,1.88888256145487,3.10438966905875,NA,1.72347354307844,3.07590588991817,0.00959745958852238,0.022962289707186,10.6438108658853,29.3643761856596,13.0766160787622,48.3558978022068,NA,36,6.61111111111111,2.2203960750638,0.0277777777777778,0.0431028958593772,1165.43665223665,1680.04165379086,0.166666666666667,0.120441574381549,35,0.5,0.163551401869159,3.18181818181818,1.99088833530069,1.52173913043478,1.27456107301838,5.71830985915493,2.47376577359614,0.0865494067808268,0.0914504806225048,0.110595703125,0.113393793434766,0.0175438596491228,0.0149716944149213
"K_mult_Ba",-1.69772256728777,74.1551226551227,75.8528452224104,"K_mult_Ba",0,0.327102803738318,0.0144927536231884,0.166666666666667,0.13898760091093,3.05714285714286,70,0,1,6,214,69,69,1,7.08718935471736e-16,15.2839145039103,0.256167080426969,0.230015300232089,0.746331198130011,3.6725377557566,5,13.0740053256929,58.2351935012152,NA,NA,10.1092668623852,29.4925075290451,1.14744822074589,1.55980603513216,15.3786516445113,30.0489625619196,0.50053711208495,0.478816591169925,23.5988980979116,41.6426233050061,10.8944484702659,29.3021681270104,10.6296719871909,29.3822058021244,7.69965200508163,28.7842266968956,0.16036036036036,0,71,15.89924609283,31.9001945056283,1.88384910153879,3.10706222944216,NA,1.65169413999862,3.01064060491512,0.00904177211655461,0.0227100232744995,10.6459508616228,29.363595849419,13.0740053256929,48.3566076477792,NA,36,6.61111111111111,2.2203960750638,0.0277777777777778,0.0431028958593772,1165.43665223665,1680.04165379086,0.166666666666667,0.120441574381549,35,0.5,0.163551401869159,3.18181818181818,1.99088833530069,1.52173913043478,1.27456107301838,5.71830985915493,2.47376577359614,0.0865494067808268,0.0914504806225048,0.110595703125,0.113393793434766,0.0175438596491228,0.0149716944149213
"Al_diff_Si",-1.76293995859213,74.0899052638183,75.8528452224104,"Al_diff_Si",0,0.327102803738318,0.0144927536231884,0.166666666666667,0.13898760091093,3.05714285714286,70,0,1,6,214,69,69,1,6.95552731308039e-16,15.2701085862716,0.254605376875159,0.229135754275108,0.741809997133443,3.67287422855127,5,13.0653029955472,58.2343515004923,NA,NA,11.0585188487599,27.9454593267499,1.13664822074589,1.56496972724791,15.9834184526952,30.3377492240656,0.492926432084951,0.48220902826197,24.5382420979116,40.3601280975265,11.8448388752504,27.7163550879326,11.5803386538576,27.8067592303913,8.70058533841496,27.1245066131379,0.158198198198198,0,71,15.8376567594966,31.9187746795119,1.87750595057323,3.10953324924357,NA,1.73105811289137,3.07519197004487,0.00956401338614771,0.022974581745151,11.5964595795715,27.7870072382563,13.0653029955472,48.3588952688134,NA,36,6.61111111111111,2.2203960750638,0.0277777777777778,0.0431028958593772,1165.43665223665,1680.04165379086,0.166666666666667,0.120441574381549,35,0.5,0.163551401869159,3.18181818181818,1.99088833530069,1.52173913043478,1.27456107301838,5.71830985915493,2.47376577359614,0.0865494067808268,0.0914504806225048,0.110595703125,0.113393793434766,0.0175438596491228,0.0149716944149213
"Na_div_Ca",-1.7786561264822,74.0741890959282,75.8528452224104,"Na_div_Ca",0,0.327102803738318,0.0144927536231884,0.166666666666667,0.13898760091093,3.05714285714286,70,0,1,6,214,69,69,1,5.43895982204207e-16,15.2834605499554,0.252292828611917,0.227428072645544,0.746178039198932,3.6725582280267,5,13.0758741062369,58.2347220986073,NA,NA,10.089440708161,29.498881259848,1.14516693897943,1.56137761364038,16.012445094766,30.3281877710682,0.498784703118797,0.480423543246427,23.6181949801171,41.6331016691224,10.8750056532219,29.308947684239,10.6090258883758,29.3892163565499,7.68983025820106,28.7867602892922,0.155315315315315,0,71,15.928364721916,31.8882163709398,1.88654060248733,3.10571160754834,NA,1.74176527576311,3.07172921504679,0.0095977835059985,0.0229621534733206,10.6253898096825,29.3705957957959,13.0758741062369,48.3561006447807,NA,36,6.61111111111111,2.2203960750638,0.0277777777777778,0.0431028958593772,1165.43665223665,1680.04165379086,0.166666666666667,0.120441574381549,35,0.5,0.163551401869159,3.18181818181818,1.99088833530069,1.52173913043478,1.27456107301838,5.71830985915493,2.47376577359614,0.0865494067808268,0.0914504806225048,0.110595703125,0.113393793434766,0.0175438596491228,0.0149716944149213
"K_sum_Ca",-1.78053830227742,74.072306920133,75.8528452224104,"K_sum_Ca",0,0.327102803738318,0.0144927536231884,0.166666666666667,0.13898760091093,3.05714285714286,70,0,1,6,214,69,69,1,6.95552731308039e-16,15.2820878775786,0.252214644101902,0.227542350022844,0.732954056126141,3.67257111965261,5,13.0518730600171,58.2272426446772,NA,NA,9.98527725684821,29.5154975601539,1.13581488741256,1.56512891700798,15.998566431889,30.3330267481149,0.49243223208495,0.482108621548688,23.4355754312449,41.6955837756893,10.7693715855307,29.328408961696,10.5085386538576,29.4073765189352,7.61098533841496,28.7977428550015,0.155675675675676,0,71,15.82459009283,31.921538289955,1.87163598960472,3.1109307803347,NA,1.71681668203979,3.07534532853739,0.00956254874168964,0.0229750397244264,10.5243057334176,29.3888755787306,13.0518730600171,48.3621887404023,NA,36,6.61111111111111,2.2203960750638,0.0277777777777778,0.0431028958593772,1165.43665223665,1680.04165379086,0.166666666666667,0.120441574381549,35,0.5,0.163551401869159,3.18181818181818,1.99088833530069,1.52173913043478,1.27456107301838,5.71830985915493,2.47376577359614,0.0865494067808268,0.0914504806225048,0.110595703125,0.113393793434766,0.0178571428571429,0.0149573609638559
"Mg_div_Al",-1.80030114812723,74.0525440742832,75.8528452224104,"Mg_div_Al",0,0.327102803738318,0.0144927536231884,0.166666666666667,0.13898760091093,3.05714285714286,70,0,1,6,214,69,69,1,7.65168414856311e-16,15.2299024334213,0.252727924984563,0.228648298785351,0.721542776915421,3.65355208078049,5,13.038911060218,58.1291806125175,NA,NA,10.1092668623852,29.4925075290451,1.12534040712866,1.56421489664941,15.9783733693906,30.3391925728457,0.48685597197187,0.478256017247855,23.4806283048081,41.6859044304807,10.8655179543026,29.3118947527791,10.5979277518383,29.3925225066633,7.69965200508163,28.7842266968956,0.155675675675676,0,71,15.7809762997265,31.927779090812,1.86738223145029,3.11141012534886,NA,1.7256750507334,3.07584707493497,0.00958087846375367,0.0229688228449047,10.6157958411415,29.3734821356783,13.038911060218,48.3650948356885,NA,44,7.34090909090909,2.74449285202187,0.0227272727272727,0.0425135220688793,3532.05545565546,6619.62285032304,0.166666666666667,0.100275103683481,43,0.614285714285714,0.200934579439252,3.30769230769231,1.88788309068718,1.72,1.45830952361516,6.4367816091954,2.95588159998776,0.0726218115560748,0.0865632469834217,0.0932894620028409,0.105892987002287,0.0188679245283019,0.0159023603086667
"Mg_diff_Ca",-1.80434782608694,74.0484973963235,75.8528452224104,"Mg_diff_Ca",0,0.327102803738318,0.0144927536231884,0.166666666666667,0.13898760091093,3.05714285714286,70,0,1,6,214,69,69,1,6.95552731308039e-16,15.1552083363832,0.251870583100878,0.225617539555175,0.711980838167303,3.66215962539482,5,12.997646005712,58.1671487411882,NA,NA,10.1841612632572,29.4591450094537,1.11458155407923,1.55763723776228,16.0446451755893,30.3150728729301,0.48521691208495,0.47616209141633,23.6827754312449,41.5962048763089,10.9790575668391,29.2610620994601,10.6994719871909,29.3502092684135,7.9155186717483,28.6630991163501,0.153513513513513,0,71,15.7672567594966,31.9287932082592,1.85736110113319,3.11076852616103,NA,1.76869692212705,3.0502297095702,0.00958331891525453,0.0229679155103131,10.7204575282894,29.3289164328622,12.997646005712,48.3725637693542,NA,36,6.61111111111111,2.2203960750638,0.0277777777777778,0.0431028958593772,1165.43665223665,1680.04165379086,0.166666666666667,0.120441574381549,35,0.5,0.163551401869159,3.18181818181818,1.99088833530069,1.52173913043478,1.27456107301838,5.71830985915493,2.47376577359614,0.0865494067808268,0.0914504806225048,0.110595703125,0.113393793434766,0.0175438596491228,0.0149716944149213
"Si_diff_Ca",-1.80434782608694,74.0484973963235,75.8528452224104,"Si_diff_Ca",0,0.327102803738318,0.0144927536231884,0.166666666666667,0.13898760091093,3.05714285714286,70,0,1,6,214,69,69,1,6.95552731308039e-16,15.280472317375,0.25245557298033,0.227254848616358,0.728224743323089,3.67101181411734,5,13.0355430831841,58.2184240802398,NA,NA,9.26069561692717,28.8397576548385,1.12684822074589,1.5646793263446,15.9946582909116,30.3343009767222,0.48847863208495,0.479895430984432,22.7362420979116,41.3636471486924,10.0461722085837,28.6670077983909,9.7733386538576,28.7276987654449,6.98005200508163,28.2820851063528,0.155315315315315,0,71,15.75619009283,31.9292803444634,1.86640307063834,3.11145703155592,NA,1.77208090192508,3.04622081355271,0.00957775229029735,0.0229699577865865,9.79180316931506,28.7133501500137,13.0355430831841,48.365806115968,NA,36,6.61111111111111,2.2203960750638,0.0277777777777778,0.0431028958593772,1165.43665223665,1680.04165379086,0.166666666666667,0.120441574381549,35,0.5,0.163551401869159,3.18181818181818,1.99088833530069,1.59090909090909,1.29684932888065,5.71830985915493,2.47376577359614,0.0865494067808268,0.0914504806225048,0.110595703125,0.113393793434766,0.0178571428571429,0.0150562351297234
"Ca_sum_Ba",-1.80434782608694,74.0484973963235,75.8528452224104,"Ca_sum_Ba",0,0.327102803738318,0.0144927536231884,0.166666666666667,0.13898760091093,3.05714285714286,70,0,1,6,214,69,69,1,6.95552731308039e-16,15.2821702985765,0.251776600004699,0.226558251725885,0.729401528796835,3.67185965428773,5,13.0485105628617,58.221180049941,NA,NA,9.9899115050909,29.5153603624829,1.12874822074589,1.56510503677636,15.9855369070096,30.3371238689024,0.48788559208495,0.479345980403746,23.4337087645782,41.6959038711945,10.7736650434747,29.3281895941039,10.5130053205243,29.4071312466165,7.61138533841496,28.7977291125736,0.154954954954955,0,71,15.8223234261633,31.921975735246,1.87044262378429,3.11111047687428,NA,1.7165683372364,3.07530293782477,0.00956749944059415,0.0229734645997831,10.5280277846997,29.3886776012106,13.0485105628618,48.362968337519,NA,36,6.61111111111111,2.2203960750638,0.0277777777777778,0.0431028958593772,1165.43665223665,1680.04165379086,0.166666666666667,0.120441574381549,35,0.5,0.163551401869159,3.18181818181818,1.99088833530069,1.52173913043478,1.27456107301838,5.71830985915493,2.47376577359614,0.0865494067808268,0.0914504806225048,0.110595703125,0.113393793434766,0.0178571428571429,0.0149621594333032
"Mg_mult_Al",-1.80434782608694,74.0484973963235,75.8528452224104,"Mg_mult_Al",0,0.327102803738318,0.0144927536231884,0.166666666666667,0.13898760091093,3.05714285714286,70,0,1,6,214,69,69,1,4.15407418105522e-16,15.1029884683458,0.252026945243736,0.227801614075953,0.719030659177911,3.66795840606368,5,13.0192714699871,58.1980641278146,NA,NA,10.1092668623852,29.4925075290451,1.11353322074589,1.55668862408301,16.0877021251631,30.2934078441765,0.48059218848495,0.467824906148891,23.5279754312449,41.6716866361957,10.8483111307021,29.3166353627684,10.5743426538576,29.398475692822,7.69965200508163,28.7842266968956,0.156036036036036,0,71,15.8283234261633,31.9207907524144,1.8621563770446,3.11138576562269,NA,1.75408574755189,3.06417598624252,0.00957934362558084,0.022969383896846,10.5936218975202,29.379228652438,13.0192714699871,48.3689879038758,NA,36,6.61111111111111,2.2203960750638,0.0277777777777778,0.0431028958593772,1165.43665223665,1680.04165379086,0.166666666666667,0.120441574381549,35,0.5,0.163551401869159,3.18181818181818,1.99088833530069,1.52173913043478,1.27456107301838,5.71830985915493,2.47376577359614,0.0865494067808268,0.0914504806225048,0.110595703125,0.113393793434766,0.0175438596491228,0.0149716944149213
"Ba_div_Fe",-1.80434782608695,74.0484973963235,75.8528452224104,"Ba_div_Fe",0,0.327102803738318,0.0144927536231884,0.166666666666667,0.13898760091093,3.05714285714286,70,0,1,6,214,69,69,1,5.14789238764452e-16,15.2828148568082,0.257548603208819,0.230010869753196,0.697531790360037,3.47892618356726,5,12.5956173746704,57.2459644864056,NA,NA,10.1092668623852,29.4925075290451,1.14744822074589,1.55980603513216,14.1172985865743,26.1774551459477,0.50053711208495,0.478816591169925,22.5730420979116,41.1542779361885,10.8852898750518,29.3054856367107,10.6296719871909,29.3822058021244,7.69965200508163,28.7842266968956,0.161801801801802,0,71,14.87339009283,31.0028704881625,1.80973498363148,3.07350436001609,NA,1.59220533234768,2.85188215118009,0.0087089539515258,0.0220804160908468,10.6459508616228,29.363595849419,12.5956173746704,48.3033819409061,NA,36,6.61111111111111,2.2203960750638,0.0277777777777778,0.0431028958593772,1165.43665223665,1680.04165379086,0.166666666666667,0.120441574381549,35,0.5,0.163551401869159,3.18181818181818,1.99088833530069,1.52173913043478,1.27456107301838,5.71830985915493,2.47376577359614,0.0865494067808268,0.0914504806225048,0.110595703125,0.113393793434766,0.0175438596491228,0.0149716944149213
"Al_sum_Ca",-1.82599284773197,74.0268523746785,75.8528452224104,"Al_sum_Ca",0,0.327102803738318,0.0144927536231884,0.166666666666667,0.13898760091093,3.05714285714286,70,0,1,6,214,69,69,1,6.95552731308039e-16,15.2820342001068,0.251849155533804,0.226515403428904,0.728753883447139,3.67147857224349,5,13.0512726901635,58.2182390513922,NA,NA,9.97258392148469,29.5155863507748,1.13588155407923,1.56511744013647,16.0067440494386,30.3302348080413,0.49233339208495,0.482083854901339,23.4238420979116,41.6974888349948,10.7567335793002,29.3287736819576,10.4964053205243,29.4077789935717,7.60645200508163,28.7978686924551,0.154954954954955,0,71,15.81739009283,31.9228849480937,1.87141724073376,3.1109663595825,NA,1.71975968925417,3.07573003054817,0.00956254874168964,0.0229750397244264,10.5118318872638,29.3892743133133,13.0512726901635,48.3623292580501,NA,36,6.61111111111111,2.2203960750638,0.0277777777777778,0.0431028958593772,1165.43665223665,1680.04165379086,0.166666666666667,0.120441574381549,35,0.5,0.163551401869159,3.18181818181818,1.99088833530069,1.59090909090909,1.29684932888065,5.71830985915493,2.47376577359614,0.0865494067808268,0.0914504806225048,0.110595703125,0.113393793434766,0.0178571428571429,0.0149599831399092
"Al_sum_K",-1.82599284773197,74.0268523746785,75.8528452224104,"Al_sum_K",0,0.327102803738318,0.0144927536231884,0.166666666666667,0.13898760091093,3.05714285714286,70,0,1,6,214,69,69,1,6.95552731308039e-16,15.273586078994,0.253220329575912,0.228823404715319,0.738257550821759,3.67177958768711,5,13.0648571581845,58.2258843762582,NA,NA,10.0878812824674,29.4993389872931,1.14111488741256,1.56353317258712,15.6534283667176,30.296003841853,0.49579279208495,0.482021946950927,23.5297087645782,41.6710874177649,10.8695323331943,29.3106767134422,10.6044719871909,29.3906120673217,7.69538533841496,28.7853590543691,0.155675675675676,0,71,15.8343234261633,31.9195188518133,1.8772669706805,3.10960682515826,NA,1.68743262647734,3.0595677129028,0.00954619964792642,0.0229796948650448,10.6205313744433,29.3720876564894,13.0648571581845,48.3590092169645,NA,36,6.61111111111111,2.2203960750638,0.0277777777777778,0.0431028958593772,1165.43665223665,1680.04165379086,0.166666666666667,0.120441574381549,35,0.5,0.163551401869159,3.18181818181818,1.99088833530069,1.52173913043478,1.27456107301838,5.71830985915493,2.47376577359614,0.0865494067808268,0.0914504806225048,0.110595703125,0.113393793434766,0.0178571428571429,0.0150055945667519
"RI_div_Mg",-1.82815734989649,74.024687872514,75.8528452224104,"RI_div_Mg",0,0.327102803738318,0.0144927536231884,0.166666666666667,0.13898760091093,3.05714285714286,70,0,1,6,214,69,69,0.999999999999999,6.79869977755259e-16,15.2827294384937,0.258018062286854,0.230218115731096,0.74724008246987,3.67238656221354,5,13.0747432166307,58.235187119032,NA,NA,10.1092668623852,29.4925075290451,1.14685014655228,1.56024305193456,15.1730405412814,29.7351098721178,0.500115302922896,0.479248987092205,23.5915798756894,41.6460536324615,10.8900254741008,29.3037978402195,10.6240102974946,29.3842396373381,7.69965200508163,28.7842266968956,0.162162162162162,0,71,15.8919278706077,31.9028822912722,1.8847386952661,3.1066357597538,NA,1.65912228901258,3.02355507884141,0.00958187177032946,0.0229684558020654,10.6403343933959,29.3656182076815,13.0747432166307,48.3564081220998,NA,36,6.61111111111111,2.2203960750638,0.0277777777777778,0.0431028958593772,1165.43665223665,1680.04165379086,0.166666666666667,0.120441574381549,35,0.5,0.163551401869159,3.18181818181818,1.99088833530069,1.52173913043478,1.27456107301838,5.71830985915493,2.47376577359614,0.0865494067808268,0.0914504806225048,0.110595703125,0.113393793434766,0.0175438596491228,0.015119307290469
"K_div_Fe",-1.84575569358178,74.0070895288287,75.8528452224104,"K_div_Fe",0,0.327102803738318,0.0144927536231884,0.166666666666667,0.13898760091093,3.05714285714286,70,0,1,6,214,69,69,1,6.1814601913013e-16,15.2296237293117,0.257835347698764,0.229446431632798,0.727978920446516,3.63857842957189,5,13.022680489304,58.0674654077256,NA,NA,10.1092668623852,29.4925075290451,1.12775459329491,1.56490458545921,15.9465339633846,30.3468095465946,0.50053711208495,0.478816591169925,23.4663754312449,41.6893723683861,10.8819591406065,29.3066373654487,10.6296719871909,29.3822058021244,7.69965200508163,28.7842266968956,0.161441441441441,0,71,15.7667234261633,31.9288234612076,1.86299037815344,3.11143499203729,NA,1.70962898903002,3.07349325398622,0.00944833976133414,0.0229900376148753,10.6426028464114,29.3648113688157,13.0226804893041,48.3683562287239,NA,36,6.58333333333333,2.22164675088419,0.0277777777777778,0.0431028958593772,1159.30331890332,1683.07376641802,0.166666666666667,0.120441574381549,35,0.5,0.163551401869159,3.18181818181818,2.04049904769308,1.52173913043478,1.12288448436043,5.69014084507042,2.47612340620099,0.0864171754004617,0.0937396600809371,0.111463758680556,0.111644849916663,0.0172413793103448,0.0146605501877664
"Al_sum_Si",-1.84575569358178,74.0070895288287,75.8528452224104,"Al_sum_Si",0,0.327102803738318,0.0144927536231884,0.166666666666667,0.13898760091093,3.05714285714286,70,0,1,6,214,69,69,1,6.95552731308039e-16,15.273415766585,0.253185546005333,0.229045418414474,0.736534122650448,3.67097631548348,5,13.0654169188795,58.2203309357076,NA,NA,9.12147442640734,28.5463083750634,1.13484822074589,1.56527074470331,16.0709744847344,30.3023863318628,0.49114731208495,0.481664712021779,22.6347754312449,41.2394508617576,9.90748061979864,28.3766383146985,9.64100532052427,28.4486463696046,6.75085200508163,27.8208308474636,0.157477477477477,0,71,15.8839234261633,31.9056737981056,1.87756776377974,3.10951398793718,NA,1.7515679485968,3.06603111377959,0.00957012095353787,0.0229725993698999,9.65732009239199,28.4300816061902,13.0654169188795,48.3588661011929,NA,36,6.61111111111111,2.2203960750638,0.0277777777777778,0.0431028958593772,1165.43665223665,1680.04165379086,0.166666666666667,0.120441574381549,35,0.5,0.163551401869159,3.18181818181818,1.99088833530069,1.52173913043478,1.27456107301838,5.71830985915493,2.47376577359614,0.0865494067808268,0.0914504806225048,0.110595703125,0.113393793434766,0.0178571428571429,0.0149390900226535
"Mg_mult_K",-2.17391304347825,73.6789321789322,75.8528452224104,"Mg_mult_K",0,0.327102803738318,0.0144927536231884,0.166666666666667,0.13898760091093,3.05714285714286,70,0,1,6,214,69,69,1,4.9026121308903e-16,15.1881546260428,0.252644014797511,0.229037048073249,0.733990044715472,3.6723176276972,5,13.0620868934021,58.2249640791774,NA,NA,10.1092668623852,29.4925075290451,1.12099922074589,1.5622511310919,16.0761383642974,30.299690827585,0.48890166728495,0.480252519159042,23.5779487645782,41.6521782529431,10.8775662958111,29.3081117051569,10.6060453205243,29.3901360139921,7.69965200508163,28.7842266968956,0.156396396396396,0,71,15.8782967594966,31.9075433449101,1.87587349114231,3.11000763750991,NA,1.74270633757539,3.07128722876751,0.00957137996962268,0.0229721761608351,10.627465692392,29.369939463226,13.0620868934021,48.3597101462101,NA,36,6.61111111111111,2.2203960750638,0.0277777777777778,0.042549317106332,1165.43665223665,1680.04165379086,0.166666666666667,0.120441574381549,35,0.5,0.163551401869159,3.18181818181818,1.99088833530069,1.66666666666667,1.74164673034842,5.71830985915493,2.47376577359614,0.0865494067808268,0.0914504806225048,0.110595703125,0.113393793434766,0.0181818181818182,0.0154127032594469
"Si_sum_Ba",-2.19367588932806,73.6591693330824,75.8528452224104,"Si_sum_Ba",0,0.327102803738318,0.0144927536231884,0.166666666666667,0.13898760091093,3.05714285714286,70,0,1,6,214,69,69,1,6.95552731308039e-16,15.2737389730487,0.253521803578415,0.229423445622768,0.73852859630017,3.67218061720797,5,13.0664362775444,58.2277018752082,NA,NA,9.13839335643529,28.5849188531347,1.13651488741256,1.56499749556858,16.0600903351748,30.3078450276994,0.492333392084951,0.482083854901339,22.6431754312449,41.2504766454078,9.9244120839731,28.4150400187106,9.6585386538576,28.4884974213449,6.76418533841496,27.8518531364277,0.158558558558559,0,71,15.87899009283,31.9073171087561,1.87813539307397,3.10933268066989,NA,1.7423165448401,3.07147300392925,0.00956816819389612,0.0229732459282146,9.67542573341763,28.4712330668327,13.0664362775444,48.3586041954993,NA,36,6.61111111111111,2.2203960750638,0.0277777777777778,0.0431028958593772,1165.43665223665,1680.04165379086,0.166666666666667,0.120441574381549,35,0.5,0.163551401869159,3.18181818181818,1.99088833530069,1.52173913043478,1.27456107301838,5.71830985915493,2.47376577359614,0.0865494067808268,0.0914504806225048,0.110595703125,0.113393793434766,0.0175438596491228,0.0149716944149213
"Si_sum_K",-2.21532091097308,73.6375243114374,75.8528452224104,"Si_sum_K",0,0.327102803738318,0.0144927536231884,0.166666666666667,0.13898760091093,3.05714285714286,70,0,1,6,214,69,69,1,6.95552731308039e-16,15.2836911673161,0.253962982116176,0.229494821888515,0.738773806740494,3.67180254033808,5,13.0656164783547,58.2263226525759,NA,NA,9.13411000595633,28.5752217509679,1.13598155407923,1.56509981454305,16.0078763446122,30.3298348222453,0.493420632084951,0.482270407262101,22.6146420979116,41.2124751295597,9.92011862602917,28.40538064911,9.6525386538576,28.4749600523912,6.76258533841496,27.8481582496293,0.157837837837838,0,71,15.8520567594966,31.9152515033145,1.8776768000384,3.10947978066598,NA,1.73900013676787,3.07289910312533,0.00956254874168964,0.0229750397244264,9.66967496418686,28.4582650168688,13.0656164783547,48.358814958414,NA,36,6.61111111111111,2.2203960750638,0.0277777777777778,0.0431028958593772,1165.43665223665,1680.04165379086,0.166666666666667,0.120441574381549,35,0.5,0.163551401869159,3.18181818181818,1.99088833530069,1.52173913043478,1.27456107301838,5.71830985915493,2.47376577359614,0.0865494067808268,0.0914504806225048,0.110595703125,0.113393793434766,0.0175438596491228,0.0150461166028057
"Mg_sum_Ba",-2.2193675889328,73.6334776334776,75.8528452224104,"Mg_sum_Ba",0,0.327102803738318,0.0144927536231884,0.166666666666667,0.13898760091093,3.05714285714286,70,0,1,6,214,69,69,1,6.95552731308039e-16,15.1837917569823,0.251813172987143,0.227087131473476,0.728127644849195,3.66953262237781,5,13.0550601950265,58.207707833816,NA,NA,10.1092668623852,29.4925075290451,1.13074822074589,1.56536113167061,16.0777412383414,30.2988403043399,0.496484672084951,0.481780016301156,23.5878420979116,41.6477673463247,10.8572974422285,29.3142567160634,10.5831386538576,29.3964260390242,7.69965200508163,28.7842266968956,0.155315315315315,0,71,15.88819009283,31.9042051031439,1.8728443694661,3.11071288042547,NA,1.76306969952021,3.05624553111328,0.00953412926436101,0.0229825935675005,10.6021785539305,29.3771640306659,13.0550601950265,48.361433165673,NA,36,6.61111111111111,2.2203960750638,0.0277777777777778,0.0431028958593772,1165.43665223665,1680.04165379086,0.166666666666667,0.120441574381549,35,0.5,0.163551401869159,3.18181818181818,1.99088833530069,1.52173913043478,1.27456107301838,5.71830985915493,2.47376577359614,0.0865494067808268,0.0914504806225048,0.110595703125,0.113393793434766,0.0175438596491228,0.0152447270255609
"Si_sum_Ca",-2.25889328063241,73.593951941778,75.8528452224104,"Si_sum_Ca",0,0.327102803738318,0.0144927536231884,0.166666666666667,0.13898760091093,3.05714285714286,70,0,1,6,214,69,69,1,6.95552731308039e-16,15.2579125727104,0.251882880534894,0.227534430220407,0.730195474476351,3.67226270639524,5,13.0478142800601,58.2239644928903,NA,NA,9.02150864936933,28.3012070064496,1.13481488741256,1.56527481491939,16.0103078733215,30.3289648574643,0.49124615208495,0.481708246462115,22.4791754312449,41.0107180869658,9.80731987213509,28.1323440921228,9.5443386538576,28.2128592933001,6.6895186717483,27.6713072817287,0.154594594594595,0,71,15.7896567594966,31.9269028787457,1.87020457952906,3.11114210216008,NA,1.7343245144905,3.07444048907959,0.00957260628399101,0.0229717591584668,9.56003086162276,28.1925970657003,13.0478142800601,48.3631275190567,NA,36,6.61111111111111,2.2203960750638,0.0277777777777778,0.0431028958593772,1165.43665223665,1680.04165379086,0.166666666666667,0.120441574381549,35,0.5,0.163551401869159,3.18181818181818,1.99088833530069,1.52173913043478,1.27456107301838,5.71830985915493,2.47376577359614,0.0865494067808268,0.0914504806225048,0.110595703125,0.113393793434766,0.0178571428571429,0.0149844884795318
"Al_div_K",-2.25889328063241,73.593951941778,75.8528452224104,"Al_div_K",0,0.327102803738318,0.0144927536231884,0.166666666666667,0.13898760091093,3.05714285714286,70,0,1,6,214,69,69,1,3.59753376999886e-16,14.9029288172096,0.257549284421835,0.230124824804263,0.672949313943573,3.38281028444701,5,12.0913866758197,56.405144795735,NA,NA,10.1092668623852,29.4925075290451,1.13071184211267,1.56535823138775,15.6581551449654,30.2985565730552,0.49093189157213,0.481564401444886,22.7230420979116,41.3485965633311,10.8368520288592,29.3193605155062,10.5983139624996,29.3924128811021,7.69965200508163,28.7842266968956,0.161801801801802,0,71,15.02339009283,31.2977784230893,1.77520573117893,3.0101233399029,NA,1.67627033928655,3.04783909288363,0.00958331891525453,0.0229679155103131,10.6128630676015,29.3743162339599,12.0913866758197,47.8500749809037,NA,36,6.61111111111111,2.2203960750638,0.0277777777777778,0.0431028958593772,1165.43665223665,1680.04165379086,0.166666666666667,0.120441574381549,35,0.5,0.163551401869159,3.18181818181818,1.99088833530069,1.52173913043478,1.27456107301838,5.71830985915493,2.47376577359614,0.0865494067808268,0.0914504806225048,0.110595703125,0.113393793434766,0.0175438596491228,0.0149716944149213
"Mg_sum_K",-2.30434782608695,73.5484973963235,75.8528452224104,"Mg_sum_K",0,0.327102803738318,0.0144927536231884,0.166666666666667,0.13898760091093,3.05714285714286,70,0,1,6,214,69,69,1,6.95552731308039e-16,15.1222064253774,0.250991429547552,0.226988849606679,0.722143088230115,3.66845210227341,5,13.0431352249067,58.1992893205501,NA,NA,10.1092668623852,29.4925075290451,1.12494822074589,1.56407572620462,16.0818942291087,30.2966061300009,0.49510091208495,0.48218729267798,23.5702420979116,41.6554885122263,10.8530039842846,29.3154196746035,10.5771386538576,29.3978461591558,7.69965200508163,28.7842266968956,0.154234234234234,0,72,15.87059009283,31.9099798062354,1.86867429567029,3.11131190310235,NA,1.76176942477494,3.05752045429451,0.00953650182132719,0.0229820598830288,10.5961149641869,29.3786469367296,13.0431352249067,48.3641771846197,NA,38,6.92105263157895,2.51891846104062,0.0263157894736842,0.0410033702098049,1931.88513708514,3263.71289189261,0.166666666666667,0.127480014909368,37,0.528571428571429,0.172897196261682,3.08333333333333,1.92865159365215,1.54166666666667,1.64129235046964,6.02666666666667,2.7409474261271,0.0786814888861949,0.0905951718132889,0.104813425164474,0.1130479770404,0.0175438596491228,0.0150156970489561
"K_sum_Ba",-2.30434782608695,73.5484973963235,75.8528452224104,"K_sum_Ba",0,0.327102803738318,0.0144927536231884,0.166666666666667,0.13898760091093,3.05714285714286,70,0,1,6,214,69,69,1,6.95552731308039e-16,15.273260476243,0.253328466305505,0.229398207212546,0.740171274423203,3.67269013728776,5,13.0680833004043,58.2313210574647,NA,NA,10.1092668623852,29.4925075290451,1.14388155407923,1.56214939694646,15.7693568429398,30.3421911671345,0.49875799208495,0.480444186103146,23.5702420979116,41.6554885122263,10.8864637973687,29.3050727476284,10.6219386538576,29.3849627961385,7.69965200508163,28.7842266968956,0.157837837837838,0,71,15.87059009283,31.9099798062354,1.87911593620871,3.10900065394665,NA,1.68845011347718,3.0604786398456,0.00947695376326171,0.0229901180167909,10.6385170154689,29.3662548546042,13.0680833004043,48.3581775223345,NA,36,6.61111111111111,2.2203960750638,0.0277777777777778,0.0431028958593772,1165.43665223665,1680.04165379086,0.166666666666667,0.120441574381549,35,0.5,0.163551401869159,3.18181818181818,1.99088833530069,1.52173913043478,1.27456107301838,5.71830985915493,2.47376577359614,0.0865494067808268,0.0914504806225048,0.110595703125,0.113393793434766,0.0178571428571429,0.014942787175545
"Mg_mult_Fe",-2.30434782608695,73.5484973963235,75.8528452224104,"Mg_mult_Fe",0,0.327102803738318,0.0144927536231884,0.166666666666667,0.13898760091093,3.05714285714286,70,0,1,6,214,69,69,1,4.33555950913137e-16,15.2823141772425,0.256486711970921,0.229778085564154,0.746344127919137,3.67233076687153,5,13.0754192244179,58.2339091851621,NA,NA,10.1092668623852,29.4925075290451,1.14409322074589,1.56202793582469,16.0453547582434,30.314754132516,0.50053711208495,0.478816591169925,23.6343940979116,41.6245748533879,10.8932296665276,29.3026223537591,10.6296719871909,29.3822058021244,7.69965200508163,28.7842266968956,0.161081081081081,0,71,15.93474209283,31.8853189707469,1.88571957678197,3.10614271017481,NA,1.72195089111351,3.07587556646075,0.00942253866129098,0.0229877656497123,10.6454461334176,29.3637809798622,13.075419224418,48.3562245676431,NA,36,6.61111111111111,2.2203960750638,0.0277777777777778,0.0431028958593772,1165.43665223665,1680.04165379086,0.166666666666667,0.120441574381549,35,0.5,0.163551401869159,3.18181818181818,1.99088833530069,1.52173913043478,1.27456107301838,5.71830985915493,2.47376577359614,0.0865494067808268,0.0914504806225048,0.110595703125,0.113393793434766,0.0178571428571429,0.0150856525815407
"Mg_div_Fe",-2.31444883618795,73.5383963862225,75.8528452224104,"Mg_div_Fe",0,0.327102803738318,0.0144927536231884,0.166666666666667,0.13898760091093,3.05714285714286,70,0,1,6,214,69,69,1,2.71947991102104e-16,13.3152357355693,0.257126546461797,0.230175542680789,0.643847111786187,3.22458677374655,5,10.3847525088948,51.5957997200642,NA,NA,10.1092668623852,29.4925075290451,1.00056035592254,1.05484786594914,15.8338675836077,30.3530964580941,0.50053711208495,0.478816591169925,22.0619309868005,40.1624206997587,10.8056641488744,29.3250294254595,10.6296719871909,29.3822058021244,7.69965200508163,28.7842266968956,0.161801801801802,0,71,14.3622789817188,29.5388947927801,1.7003707991043,2.75585831551333,NA,1.70080359942644,3.06944495556075,0.00942253866129098,0.0229877656497123,10.6270546465397,29.37007032227,10.3847525088948,43.0287131150462,NA,36,6.61111111111111,2.2203960750638,0.0277777777777778,0.0431028958593772,1165.43665223665,1680.04165379086,0.166666666666667,0.120441574381549,35,0.5,0.163551401869159,3.18181818181818,1.99088833530069,1.52173913043478,1.27456107301838,5.71830985915493,2.47376577359614,0.0865494067808268,0.0914504806225048,0.110595703125,0.113393793434766,0.0175438596491228,0.0149716944149213
"Mg_diff_Si",-2.32411067193675,73.5287345504737,75.8528452224104,"Mg_diff_Si",0,0.327102803738318,0.0144927536231884,0.166666666666667,0.13898760091093,3.05714285714286,70,0,1,6,214,69,69,1,6.95552731308039e-16,15.1091027563107,0.251706212207377,0.22775119441921,0.720589488784537,3.66376263198246,5,13.035999683772,58.1769681709694,NA,NA,11.0415883337103,27.9955247594195,1.12758155407923,1.56486470592059,16.0764359584116,30.299533412594,0.486600672084951,0.477958937987548,24.5491754312449,40.3350414151593,11.8283105263407,27.7661265550587,11.5555386538576,27.8807263395068,8.70511867174829,27.1102838837591,0.154954954954955,0,71,15.8440567594966,31.9172706528414,1.86653340436608,3.11145215741178,NA,1.76085521686004,3.05839102577181,0.00958037294165706,0.022969008453211,11.5731447077766,27.8566512192138,13.0359996837721,48.3657107460287,NA,36,6.61111111111111,2.2203960750638,0.0277777777777778,0.0431028958593772,1165.43665223665,1680.04165379086,0.166666666666667,0.120441574381549,35,0.5,0.163551401869159,3.18181818181818,1.99088833530069,1.52173913043478,1.27456107301838,5.71830985915493,2.47376577359614,0.0865494067808268,0.0914504806225048,0.110595703125,0.113393793434766,0.0175438596491228,0.0149716944149213
"RI_div_Fe",-2.69367588932805,73.1591693330824,75.8528452224104,"RI_div_Fe",0,0.327102803738318,0.0144927536231884,0.166666666666667,0.13898760091093,3.05714285714286,70,0,1,6,214,69,69,1,8.04433006106855e-16,14.7482609968954,0.258358722434311,0.229310150799228,0.658069932671703,3.12967921037115,5,11.0970009005273,53.4389167236017,NA,NA,10.1092668623852,29.4925075290451,1.063158081857,1.44283827281164,14.7779846859022,28.8070647724324,0.50053711208495,0.478816591169925,21.6322954312449,38.9113077603512,10.8366416482275,29.3194073200336,10.6296719871909,29.3822058021244,7.69965200508163,28.7842266968956,0.161441441441441,0,71,13.9326434261633,27.6931516010712,1.72735599182489,2.86755655320784,NA,1.63122495244535,2.96736079689549,0.00946076641359983,0.0229903876435413,10.628690587658,29.3695468788812,11.0970009005273,45.7043372962904,NA,36,6.61111111111111,2.2203960750638,0.0277777777777778,0.0431028958593772,1165.43665223665,1680.04165379086,0.166666666666667,0.120441574381549,35,0.5,0.163551401869159,3.18181818181818,1.99088833530069,1.52173913043478,1.27456107301838,5.71830985915493,2.47376577359614,0.0865494067808268,0.0914504806225048,0.110595703125,0.113393793434766,0.0175438596491228,0.0149716944149213
"Al_sum_Ba",-2.71127423301336,73.1415709893971,75.8528452224104,"Al_sum_Ba",0,0.327102803738318,0.0144927536231884,0.166666666666667,0.13898760091093,3.05714285714286,70,0,1,6,214,69,69,1,6.95552731308039e-16,15.2836667210171,0.252005270105388,0.228569897673985,0.736617804682619,3.67196736253788,5,13.0668889376003,58.2247811745065,NA,NA,10.0919093172906,29.4981436688853,1.14148155407923,1.56337152991066,16.0244822062595,30.3235940481803,0.49618815208495,0.481893085172879,23.5770420979116,41.6525734095623,10.8738257911382,29.3093270693897,10.6112719871909,29.3885079166058,7.69578533841496,28.7852549671261,0.155675675675676,0,71,15.8812567594966,31.9065693807209,1.87839649346915,3.10924659840923,NA,1.72114628709421,3.07583609641576,0.00954619964792642,0.0229796948650448,10.6271580411099,29.3700374477226,13.0668889376003,48.3584873615934,NA,36,6.61111111111111,2.2203960750638,0.0277777777777778,0.0431028958593772,1165.43665223665,1680.04165379086,0.166666666666667,0.120441574381549,35,0.5,0.163551401869159,3.18181818181818,1.99088833530069,1.52173913043478,1.27456107301838,5.71830985915493,2.47376577359614,0.0865494067808268,0.0914504806225048,0.110595703125,0.113393793434766,0.0178571428571429,0.0141512691831932
"Na_diff_Si",-2.7193675889328,73.1334776334776,75.8528452224104,"Na_diff_Si",0,0.327102803738318,0.0144927536231884,0.166666666666667,0.13898760091093,3.05714285714286,70,0,1,6,214,69,69,1,6.95552731308039e-16,15.2558456456744,0.254437768128243,0.229134514609416,0.738154854731689,3.67197792258562,5,13.0586149053654,58.228021849756,NA,NA,10.8988686904737,28.3831561011089,1.12684822074589,1.5646793263446,16.0601253651806,30.3078279437195,0.485612272084951,0.476707739206492,24.3815754312449,40.6930610194096,11.6853329562472,28.1618331551141,11.4208053205243,28.2499055298655,8.5427186717483,27.5794450206633,0.157837837837838,0,71,15.8388567594966,31.9185002092217,1.87430269762404,3.11040173543362,NA,1.74205815335245,3.07159404705075,0.00957496577492753,0.0229709435386206,11.4366380411099,28.2312201080365,13.0586149053654,48.3605713503138,NA,36,6.61111111111111,2.2203960750638,0.0277777777777778,0.0431028958593772,1165.43665223665,1680.04165379086,0.166666666666667,0.120441574381549,35,0.5,0.163551401869159,3.18181818181818,1.99088833530069,1.52173913043478,1.27456107301838,5.71830985915493,2.47376577359614,0.0865494067808268,0.0914504806225048,0.110595703125,0.113393793434766,0.0175438596491228,0.0149771503253854
"Mg_diff_K",-2.75889328063241,73.093951941778,75.8528452224104,"Mg_diff_K",0,0.327102803738318,0.0144927536231884,0.166666666666667,0.13898760091093,3.05714285714286,70,0,1,6,214,69,69,1,6.95552731308039e-16,15.2386710027722,0.251851580469528,0.227755971684045,0.724080492262471,3.66590932993583,5,13.0434059367959,58.1890318039413,NA,NA,10.1092668623852,29.4925075290451,1.12704822074589,1.56473251202904,15.9990583749328,30.3328636005335,0.49144383208495,0.481790617896286,23.5939754312449,41.6449416819077,10.8662588129451,29.3116731524716,10.5914053205243,29.3943147906682,7.78245200508163,28.7525882073365,0.155675675675676,0,71,15.8115234261633,31.9238897020057,1.86875980171652,3.11130394477535,NA,1.77349118370499,3.04446300698039,0.00954619964792642,0.0229796948650448,10.6108565026484,29.374873904867,13.0434059367959,48.3641174060094,NA,36,6.61111111111111,2.2203960750638,0.0277777777777778,0.0431028958593772,1165.43665223665,1680.04165379086,0.166666666666667,0.120441574381549,35,0.5,0.163551401869159,3.18181818181818,1.99088833530069,1.52173913043478,1.27456107301838,5.71830985915493,2.47376577359614,0.0865494067808268,0.0914504806225048,0.110595703125,0.113393793434766,0.0178571428571429,0.0150073320052584
"Mg_sum_Ca",-2.78053830227742,73.072306920133,75.8528452224104,"Mg_sum_Ca",0,0.327102803738318,0.0144927536231884,0.166666666666667,0.13898760091093,3.05714285714286,70,0,1,6,214,69,69,1,6.95552731308039e-16,15.218433392832,0.251226098892494,0.228198115975813,0.726741605269593,3.66862064509266,5,13.046228178792,58.2038053517255,NA,NA,9.95721863129801,29.515131268159,1.13738155407923,1.56480135020807,16.056778519947,30.3094460575985,0.49282759208495,0.48219206978007,23.4371754312449,41.6953042827602,10.7402052303905,29.3286176306653,10.4706053205243,29.4073530806089,7.61338533841496,28.7976539808941,0.152432432432432,0,71,15.82379009283,31.9216940987214,1.86967282136858,3.11120768023529,NA,1.75991383724313,3.05926522233492,0.00956947877083689,0.0229728133178916,10.487442143674,29.3888757118444,13.046228178792,48.3634872427628,NA,36,6.77777777777778,2.48551358430763,0.0277777777777778,0.0423582740590496,1404.6937950938,1788.91058266083,0.166666666666667,0.130289326661762,35,0.5,0.163551401869159,3.18181818181818,1.4709304414677,1.52173913043478,1.3439955768796,5.88732394366197,2.70739355825407,0.101715397377525,0.121515941384873,0.114339192708333,0.116650818377628,0.0185185185185185,0.0153253138927569
"RI_div_K",-4.08300395256917,71.7698412698413,75.8528452224104,"RI_div_K",0,0.327102803738318,0.0144927536231884,0.166666666666667,0.13898760091093,3.05714285714286,70,0,1,6,214,69,69,1,5.76888805915069e-16,14.7546194913761,0.256879659097415,0.230040948732791,0.643956431639008,2.59342335064017,5,12.1053099968307,53.1668754746205,NA,NA,10.1092668623852,29.4925075290451,1.13473459108833,1.56528439508237,15.722587290984,30.3276739233557,0.492889261829372,0.482202833926317,22.6352620979116,41.2400933341425,10.8276830990228,29.3212924169581,10.594784171099,29.3934002550434,7.69965200508163,28.7842266968956,0.161441441441441,0,71,14.93561009283,31.1322947574109,1.77601845192505,3.01198088303743,NA,1.68686927496674,3.05905203153355,0.00958650903031035,0.022966701237765,10.6101555497352,29.3750662251801,12.1053099968308,47.8681426964481,NA,36,6.61111111111111,2.2203960750638,0.0277777777777778,0.0431028958593772,1165.43665223665,1680.04165379086,0.166666666666667,0.120441574381549,35,0.5,0.163551401869159,3.18181818181818,1.99088833530069,1.52173913043478,1.27456107301838,5.71830985915493,2.47376577359614,0.0865494067808268,0.0914504806225048,0.110595703125,0.113393793434766,0.0178571428571429,0.0150108310076572
